{
    "$schema": "https://schema.management.azure.com/schemas/2019-04-01/deploymentTemplate.json#",
    "contentVersion": "1.0.0.0",
    "parameters": {
        "sites_marystestwebapp_name": {
            "defaultValue": "marystestwebapp",
            "type": "String"
        },
        "serverfarms_WindowsPlan_externalid": {
            "defaultValue": "/subscriptions/28167bd7-8cc4-4e52-af7b-0dba39d418e1/resourceGroups/BabyGirl/providers/Microsoft.Web/serverfarms/WindowsPlan",
            "type": "String"
        }
    },
    "variables": {},
    "resources": [
        {
            "type": "Microsoft.Web/sites",
            "apiVersion": "2024-11-01",
            "name": "[parameters('sites_marystestwebapp_name')]",
            "location": "North Europe",
            "tags": {
                "hidden-link: /app-insights-resource-id": "/subscriptions/28167bd7-8cc4-4e52-af7b-0dba39d418e1/resourceGroups/BabyGirl/providers/microsoft.insights/components/marystestwebapp"
            },
            "kind": "app",
            "properties": {
                "enabled": true,
                "hostNameSslStates": [
                    {
                        "name": "[concat(parameters('sites_marystestwebapp_name'), '-b8eqefh7ejekhxd7.northeurope-01.azurewebsites.net')]",
                        "sslState": "Disabled",
                        "hostType": "Standard"
                    },
                    {
                        "name": "[concat(parameters('sites_marystestwebapp_name'), '-b8eqefh7ejekhxd7.scm.northeurope-01.azurewebsites.net')]",
                        "sslState": "Disabled",
                        "hostType": "Repository"
                    }
                ],
                "serverFarmId": "[parameters('serverfarms_WindowsPlan_externalid')]",
                "reserved": false,
                "isXenon": false,
                "hyperV": false,
                "dnsConfiguration": {},
                "outboundVnetRouting": {
                    "allTraffic": false,
                    "applicationTraffic": false,
                    "contentShareTraffic": false,
                    "imagePullTraffic": false,
                    "backupRestoreTraffic": false
                },
                "siteConfig": {
                    "numberOfWorkers": 1,
                    "acrUseManagedIdentityCreds": false,
                    "alwaysOn": false,
                    "http20Enabled": false,
                    "functionAppScaleLimit": 0,
                    "minimumElasticInstanceCount": 0
                },
                "scmSiteAlsoStopped": false,
                "clientAffinityEnabled": true,
                "clientAffinityProxyEnabled": false,
                "clientCertEnabled": false,
                "clientCertMode": "Required",
                "hostNamesDisabled": false,
                "ipMode": "IPv4",
                "customDomainVerificationId": "EEA9AB405FDC0F39A8B81BC25B4236838BB370C7848C55FA6DE48A61BCDF6987",
                "containerSize": 0,
                "dailyMemoryTimeQuota": 0,
                "httpsOnly": true,
                "endToEndEncryptionEnabled": false,
                "redundancyMode": "None",
                "publicNetworkAccess": "Enabled",
                "storageAccountRequired": false,
                "keyVaultReferenceIdentity": "SystemAssigned",
                "autoGeneratedDomainNameLabelScope": "TenantReuse"
            }
        },
        {
            "type": "Microsoft.Web/sites/basicPublishingCredentialsPolicies",
            "apiVersion": "2024-11-01",
            "name": "[concat(parameters('sites_marystestwebapp_name'), '/ftp')]",
            "location": "North Europe",
            "dependsOn": [
                "[resourceId('Microsoft.Web/sites', parameters('sites_marystestwebapp_name'))]"
            ],
            "tags": {
                "hidden-link: /app-insights-resource-id": "/subscriptions/28167bd7-8cc4-4e52-af7b-0dba39d418e1/resourceGroups/BabyGirl/providers/microsoft.insights/components/marystestwebapp"
            },
            "properties": {
                "allow": false
            }
        },
        {
            "type": "Microsoft.Web/sites/basicPublishingCredentialsPolicies",
            "apiVersion": "2024-11-01",
            "name": "[concat(parameters('sites_marystestwebapp_name'), '/scm')]",
            "location": "North Europe",
            "dependsOn": [
                "[resourceId('Microsoft.Web/sites', parameters('sites_marystestwebapp_name'))]"
            ],
            "tags": {
                "hidden-link: /app-insights-resource-id": "/subscriptions/28167bd7-8cc4-4e52-af7b-0dba39d418e1/resourceGroups/BabyGirl/providers/microsoft.insights/components/marystestwebapp"
            },
            "properties": {
                "allow": false
            }
        },
        {
            "type": "Microsoft.Web/sites/config",
            "apiVersion": "2024-11-01",
            "name": "[concat(parameters('sites_marystestwebapp_name'), '/web')]",
            "location": "North Europe",
            "dependsOn": [
                "[resourceId('Microsoft.Web/sites', parameters('sites_marystestwebapp_name'))]"
            ],
            "tags": {
                "hidden-link: /app-insights-resource-id": "/subscriptions/28167bd7-8cc4-4e52-af7b-0dba39d418e1/resourceGroups/BabyGirl/providers/microsoft.insights/components/marystestwebapp"
            },
            "properties": {
                "numberOfWorkers": 1,
                "defaultDocuments": [
                    "Default.htm",
                    "Default.html",
                    "Default.asp",
                    "index.htm",
                    "index.html",
                    "iisstart.htm",
                    "default.aspx",
                    "index.php",
                    "hostingstart.html"
                ],
                "netFrameworkVersion": "v8.0",
                "requestTracingEnabled": false,
                "remoteDebuggingEnabled": false,
                "httpLoggingEnabled": false,
                "acrUseManagedIdentityCreds": false,
                "logsDirectorySizeLimit": 35,
                "detailedErrorLoggingEnabled": false,
                "publishingUsername": "REDACTED",
                "scmType": "GitHubAction",
                "use32BitWorkerProcess": true,
                "webSocketsEnabled": false,
                "alwaysOn": false,
                "managedPipelineMode": "Integrated",
                "virtualApplications": [
                    {
                        "virtualPath": "/",
                        "physicalPath": "site\\wwwroot",
                        "preloadEnabled": false
                    }
                ],
                "loadBalancing": "LeastRequests",
                "experiments": {
                    "rampUpRules": []
                },
                "autoHealEnabled": false,
                "vnetRouteAllEnabled": false,
                "vnetPrivatePortsCount": 0,
                "publicNetworkAccess": "Enabled",
                "localMySqlEnabled": false,
                "ipSecurityRestrictions": [
                    {
                        "ipAddress": "Any",
                        "action": "Allow",
                        "priority": 2147483647,
                        "name": "Allow all",
                        "description": "Allow all access"
                    }
                ],
                "scmIpSecurityRestrictions": [
                    {
                        "ipAddress": "Any",
                        "action": "Allow",
                        "priority": 2147483647,
                        "name": "Allow all",
                        "description": "Allow all access"
                    }
                ],
                "scmIpSecurityRestrictionsUseMain": false,
                "http20Enabled": false,
                "minTlsVersion": "1.2",
                "scmMinTlsVersion": "1.2",
                "ftpsState": "FtpsOnly",
                "preWarmedInstanceCount": 0,
                "elasticWebAppScaleLimit": 0,
                "functionsRuntimeScaleMonitoringEnabled": false,
                "minimumElasticInstanceCount": 0,
                "azureStorageAccounts": {},
                "http20ProxyFlag": 0
            }
        },
        {
            "type": "Microsoft.Web/sites/hostNameBindings",
            "apiVersion": "2024-11-01",
            "name": "[concat(parameters('sites_marystestwebapp_name'), '/', parameters('sites_marystestwebapp_name'), '-b8eqefh7ejekhxd7.northeurope-01.azurewebsites.net')]",
            "location": "North Europe",
            "dependsOn": [
                "[resourceId('Microsoft.Web/sites', parameters('sites_marystestwebapp_name'))]"
            ],
            "properties": {
                "siteName": "marystestwebapp",
                "hostNameType": "Verified"
            }
        }
    ]
}